[
	{
		"identityNumber": "1234123",
		"fullName": "John Doe",
		"title": "S.Lorem",
		"whatsapp": "1232121412",
		"email": "johndoe@gmail.com"
	},
	{
		"identityNumber": "123123",
		"fullName": "Laura Doe",
		"title": "S.Ipsum",
		"whatsapp": "123142141",
		"email": "lauradoe@gmail.com"
	},
	{
		"identityNumber": "12321313",
		"fullName": "John Doe 2",
		"title": "M.Lorem",
		"whatsapp": "1231231",
		"email": "johndoe2@gmail.com"
	},
	{
		"identityNumber": "1231231",
		"fullName": "Laura",
		"title": "M.Dolor",
		"whatsapp": "1232131",
		"email": "laura@gmail.com"
	},
	{
		"identityNumber": "12321412",
		"fullName": "Profesor Pepe",
		"title": "M.eme",
		"whatsapp": "124141241",
		"email": "profpepe@gmail.com"
	},
	{
		"identityNumber": "234324234",
		"fullName": "Kurasa Takada",
		"title": "M.Buh",
		"whatsapp": "234325235",
		"email": "kurasatakada@gmail.com"
	}
]
